Word,Frequency,PMI,R_Entropy,L_Entropy
之,2999,80,7.947663919918935,8.2841796424797
而,2089,80,7.354575005231319,8.619468563738101
不,1941,80,7.245553629208994,6.364524971988511
也,1646,80,5.821055519933178,7.952674662672892
以,1222,80,7.644264109926403,6.432504961715038
其,1220,80,7.670650873774505,7.069918403534531
者,1143,80,6.157767343516985,8.028882648797989
为,986,80,7.748383816064014,6.2859285121597805
曰,983,80,5.6166016847827445,5.840790665891501
人,979,80,5.924778529227946,6.401037241129351
子,956,80,6.087527720297636,5.498308483495363
无,846,80,7.086557304280436,6.588770509567757
于,837,80,7.556000333960866,7.526581660804825
乎,807,80,6.866989648162775,7.673390649390853
有,781,80,7.3918119921391545,6.747108568162677
天,661,80,3.569257927987618,5.987630922437528
知,603,80,5.90872363087747,4.9155455175013705
所,571,80,6.055358066363801,3.3174491773109502
则,483,80,7.243731678590145,6.627502776005412
是,452,80,5.872578315832302,5.18940097329349
与,446,80,6.166868970346809,6.53496972008226
矣,445,80,2.1280852788913944,6.991528041667639
夫,428,80,6.313346011176835,5.359857435667719
下,425,80,5.772259458452777,2.489304185977808
吾,409,80,6.284212025463943,5.583425025889808
然,401,80,5.41810260008435,6.2935326522566015
大,369,80,6.894345515991202,5.923343265112384
道,354,80,4.984599484913378,5.15072597931622
若,343,80,6.524877588154206,6.135773900385346
物,341,80,5.330982914344524,4.646227813504687
谓,340,80,5.774661741142113,4.086756845631936
可,340,80,5.111022098882417,3.950680483015994
故,323,80,6.42764021521342,4.18262126598192
非,306,80,6.073830550215357,5.039319903770115
得,304,80,5.863426425959339,5.213503524940796
生,294,80,5.456233938702311,5.779380919073926
何,272,80,5.272403852681019,5.220163404629251
言,259,80,5.062131160574459,5.34497890527152
能,257,80,6.643316455183381,4.148448280026001
至,248,80,5.006282118245499,5.702872260506769
此,244,80,6.087220454752354,4.235730847850225
一,234,80,6.322072832748018,6.138946346399782
见,230,80,5.8311001803578275,5.579977587194326
行,210,80,5.455297179502669,5.579870823049474
自,203,80,6.19554956995491,5.056265322242553
德,201,80,4.568764927847121,5.33256504743183
我,198,80,5.7545712639011315,5.822580799804594
焉,196,80,4.120010375622985,6.59437103503561
相,191,80,6.097170993581562,5.941535784537172
已,186,80,4.329858530118127,4.702759677803247
心,182,80,5.646063563247573,4.95250602931596
君,178,80,4.846047229692983,5.002005907242197
闻,176,80,4.686238827826587,5.2811870954446585
死,174,80,4.281293418028161,5.459819509195564
形,173,80,5.212824895721036,4.913429283669985
未,171,80,4.3089094855762955,4.931995268661769
王,170,80,5.318460153540638,5.00245038125126
今,169,80,5.3526988639547985,3.5305505867446416
问,169,80,4.4424761515710465,4.899508580675214
邪,162,80,2.0,5.987621993821573
使,159,80,5.511445858038411,5.316549232581138
将,158,80,5.94171803234305,5.51171477320115
地,146,80,3.930723987430064,2.2107425819480566
恶,144,80,4.404201459732676,5.065810500204244
足,144,80,3.2661084873620094,4.265132194946552
亦,143,80,5.754978302825204,4.731597274763976
万,143,80,2.2840669790645753,5.077857533452814
哉,142,80,3.238901256602631,5.5601160838178405
始,141,80,5.015477507603415,4.305134738451425
上,139,80,5.387230511747589,4.99057317260718
彼,138,80,5.422351089070189,4.737322779818595
成,138,80,5.020602609246245,5.41730762021596
且,137,80,5.57933521551141,4.144933482384608
日,132,80,4.735434661216533,4.800685879853295
名,127,80,4.904193592667781,4.6055721552741735
世,125,80,4.056980333486464,4.956223916514299
中,121,80,5.365371475455081,5.090001396825795
三,121,80,5.069392914667171,5.500980895379944
明,121,80,4.484404490156451,4.9364106410705935
乐,120,80,4.654136894674527,5.041288572545981
事,116,80,4.773111845774655,4.933652050127476
义,116,80,4.546345348230532,2.9577318778522534
莫,115,80,4.160392322243261,4.555855565212249
方,114,80,4.87584040734929,4.895790006289207
又,111,80,5.121403783331015,4.293176573495618
治,111,80,3.941855420694186,5.13582837503005
仁,111,80,2.530038826536509,5.181281215471051
身,110,80,5.055295335502323,4.534071892119487
游,109,80,3.849133556500342,4.7950477030705665
神,108,80,4.986353499507427,5.044667976545062
后,107,80,5.184364836149091,2.7253914147300704
必,105,80,5.267270291996889,4.803988316383067
出,105,80,4.445738603071828,5.291303113177143
民,104,80,5.146705150548261,4.690636798592954
虽,104,80,4.764699698370103,4.306256857196537
用,104,80,4.526496508915468,4.6630005092595885
国,101,80,4.785542266397644,5.049251823204936
欲,100,80,6.068406488873022,4.526374486364209
同,99,80,4.902860201451687,5.095129151038668
十,98,80,4.728456102995276,4.372013402632193
先,97,80,3.4440394643889736,5.5332057461128885
公,96,80,5.03575726811721,4.164458856082476
入,96,80,4.288442381314794,5.162870743973092
皆,92,80,5.830361548330737,4.166375237568008
时,92,80,4.4429884298164914,4.362758254565818
穷,91,80,4.7541072144347325,4.234953786449474
汝,90,80,5.615767744495673,4.573987788091234
善,90,80,4.767642313123539,4.741191340151678
在,89,80,5.069629559807878,4.999374675090668
反,88,80,4.792888629014707,4.167746377626473
化,88,80,4.194687426350762,4.8994436210493255
外,86,80,5.0232314287976205,4.65456608159271
四,85,80,4.74662068349375,5.350140637716949
犹,83,80,5.485298811684704,4.206886761135438
忘,83,80,4.748782426247609,4.4908966327441
己,83,80,4.598726955269008,4.681892819449784
适,81,80,4.6756635860387945,4.633959439641334
说,81,80,4.472315220159283,4.814972767530033
性,81,80,4.06967083058548,3.5413326933006757
终,81,80,3.542714693444351,4.5088835666978335
古,81,80,2.455437958346214,3.7362434129830606
止,80,80,3.902637749632639,4.55446147346012
小,79,80,4.746727163769611,4.9859023444260835
丘,79,80,4.48109577906023,4.1604200911461655
观,79,80,3.3439976008525223,4.657192532924142
乃,78,80,5.5654878393962,4.684183719779189
来,78,80,4.703055907333276,4.885588016574086
尝,78,80,4.539658065241739,2.64537301256023
命,78,80,3.5521870064839094,4.922614836792085
多,77,80,5.119599828876183,5.10856474963959
求,77,80,4.825740568482503,4.554770071559543
如,76,80,5.566973285959561,4.634623124449373
五,76,80,5.135116086829456,4.85723006780282
去,76,80,4.791622327114499,4.7074800304172175
士,76,80,4.69129564611606,4.052073827045757
处,74,80,5.081781857047333,5.159662037341067
水,74,80,4.503100429300139,5.086569246460625
利,74,80,4.391449485396055,4.446851304354447
失,74,80,4.292587603168986,4.471711546956744
予,72,80,5.174938392309149,4.453880987666651
食,72,80,4.415939958151261,5.258721867181007
往,71,80,4.104489817597316,4.94115491171698
臣,71,80,3.662152006211749,4.3173892722447516
年,69,80,4.09730942838263,4.192447974873383
异,69,80,3.7970792060743457,4.50759273792998
帝,68,80,3.616205669495364,2.291635485068283
奚,67,80,4.729049514614008,4.288400090002563
孰,67,80,4.417665119361182,3.9121138909722286
二,67,80,4.360087079918572,4.04795994345225
内,66,80,4.836565630242719,4.553618123791379
居,66,80,4.703465189601647,5.0043444463675275
安,66,80,4.440070116549512,4.376368479249035
过,66,80,4.127823711253849,4.213427926416293
阳,65,80,4.308640187005123,3.6706985276761235
固,65,80,4.052497291562248,4.905426425703709
意,64,80,4.675923766179065,4.359286801442599
山,64,80,3.983740670882855,4.384308770777051
数,63,80,4.997063670513363,5.037365359936823
独,63,80,4.43833836330094,4.401141202576915
尧,63,80,4.263101674911319,4.2359263506290326
贵,63,80,4.256034663499063,4.781700535240758
南,63,80,4.161836855537891,3.882021446536749
视,63,80,4.078418520441602,4.4762469370606075
敢,63,80,3.9240332633192825,2.2768104645280083
众,62,80,4.465711736604929,4.577697282049906
正,62,80,4.349692968957871,4.654558294077946
真,62,80,3.766770651532534,3.7865350359743273
长,61,80,4.616295956693764,4.753055907333276
马,61,80,3.954538882256882,5.043073347346253
虚,60,80,4.195675662809303,4.8116413449135775
情,60,80,3.5929555588543405,3.098638548695047
侯,59,80,3.7017507022701484,2.6739163934770964
及,58,80,4.9812868075187025,3.0828735345506004
离,58,80,4.72637013015618,3.885780209966697
乱,58,80,3.766587067124143,4.823465189601647
间,58,80,3.6818808028034025,2.2198286396134463
女,57,80,5.159325271227372,3.984769618706743
通,57,80,3.9645580388459942,4.819305040629889
辩,57,80,3.569652842106287,4.18581570915303
齐,56,80,4.6901165175936645,4.119237372101816
从,56,80,3.9850050232826306,4.859647825013719
受,55,80,4.288400090002563,3.7618421881310113
父,55,80,3.864398810743117,4.694773835029477
和,55,80,3.837309211135726,4.533184175406309
伯,55,80,3.537797875854202,3.725835717261894
养,54,80,4.416157681804993,4.380392924099244
声,54,80,4.265319531114783,4.178175262485105
常,53,80,4.515311532225103,4.341446071165522
六,53,80,4.238567681552869,4.802915339393915
色,53,80,4.123231428797621,4.49330702711865
实,53,80,3.797902689682947,3.685181430859724
因,53,80,3.6717604217497835,3.936260027531527
存,52,80,3.9511943630832227,4.952368167875316
盗,52,80,3.296836704175492,3.8348295085032618
氏,52,80,2.8591476363749773,4.623214067376849
复,51,80,4.863465189601647,4.790270257403898
易,51,80,4.596483105491915,4.6717302202432744
目,51,80,4.172989962830091,3.802722752862489
应,51,80,4.097713298473773,4.179499692462942
百,51,80,4.091665140378663,4.722966879142464
动,51,80,3.9509745525187356,4.616874605956221
好,51,80,3.6750421191747145,4.425186429663008
患,51,80,3.2234651896016473,3.6936606896881856
立,50,80,4.2390979179887855,3.9065976592457887
亲,50,80,4.1852301329094015,4.457528733996854
语,50,80,4.0423164987875175,3.6061563243186
美,50,80,3.8854423157904976,4.123204629558406
耳,50,80,2.884889451733241,4.993391529870106
风,49,80,3.945038697540245,4.180640983527282
忧,49,80,3.8173931037765767,4.4043457939838815
诸,49,80,2.674104007471253,4.194874554732967
周,48,80,4.784941827437643,3.914569497687415
请,48,80,4.214661719245795,3.506890595608519
文,48,80,3.6579135915088945,4.2280729963885095
礼,48,80,3.5415529132938515,3.905924427043544
海,48,80,3.0111650900458953,3.671494274976483
待,47,80,4.651378958998671,3.734651722911599
合,47,80,4.406198332810096,4.2603326005698765
九,47,80,4.399677289476146,3.6421498816369042
全,47,80,3.9328178173636616,4.378991986900062
唯,46,80,4.905974696849669,3.334679141051595
鲁,46,80,3.4612675767277152,3.4504696892422233
杀,45,80,4.81562257082666,4.855789718806775
变,45,80,3.5746987351738495,4.387465039153175
容,44,80,4.696131794257842,4.146439344671015
木,44,80,4.140319531114783,4.134183719779189
服,44,80,4.014146761422728,4.768947021993019
师,44,80,3.6660928025292407,3.961075539586747
果,43,80,4.414409522043332,3.7639657428240807
卷,43,80,3.746439344671016,2.4056390622295662
舜,43,80,3.6256828354468493,2.5
气,43,80,3.5892750707107135,4.71201888248042
精,43,80,3.173660689688186,4.099665973303956
俗,43,80,2.6474390525125995,3.27772828198987
鱼,42,80,4.3264658909811935,4.148394345536404
怒,42,80,4.17146526179041,3.662573265150912
辞,42,80,4.0836169753972325,4.616874605956221
告,42,80,3.969607339117404,3.569652842106287
亡,42,80,3.577711327707614,4.038909765557392
病,42,80,3.403107168362811,4.465551745758733
难,41,80,3.8292750707107133,4.395128251428672
信,41,80,3.741446071165522,3.7646504614277885
贤,41,80,3.653495561774943,4.265319531114783
千,41,80,3.278212945841002,4.264578373902383
剑,41,80,3.2044479607083516,3.613566557237422
里,41,80,2.9151959937952423,3.401198540519581
乘,40,80,4.106949132758152,3.9873008763572906
胜,40,80,3.757396947487723,3.7658640841935678
颜,40,80,2.298712549531193,3.169925001442312
学,39,80,3.995906598484245,4.548394345536403
分,39,80,3.923231428797621,4.44035104292869
几,39,80,3.8957149348842655,3.2500778750209967
前,39,80,3.589898095464288,3.52172123104524
取,38,80,4.801969876934211,4.491443355765327
重,38,80,4.389364858634393,4.696131794257842
尽,38,80,4.3636085007312415,4.506890595608519
守,38,80,4.057575159678482,4.558051076544457
门,38,80,4.056020968057882,4.099665973303956
比,38,80,3.8048263567080802,3.7600115303896287
墨,38,80,3.2852885811475985,3.1604743328600247
似,37,80,4.972834784489398,3.240528260216711
甚,37,80,4.006876945083701,4.237291339955158
功,37,80,3.970573095811685,3.7726095206097563
惑,37,80,3.736006946447656,4.2339466645252255
静,37,80,3.715018266288633,3.95006375643621
喜,37,80,3.4438561897747246,4.161987589698946
极,37,80,3.084183719779189,4.364857659740296
昔,37,80,2.127239176728645,2.2359263506290326
月,36,80,4.119902579793958,2.586521779642603
藏,36,80,4.021640636343318,3.919902579793958
当,36,80,3.9976968118577387,3.3816201079487347
本,36,80,3.994680368408909,3.7983512260625822
达,36,80,3.9503441981686893,3.938721875540867
伤,36,80,3.9093680639438846,4.270910335425637
鬼,36,80,3.709282221599798,2.696131794257843
劳,36,80,3.6335059949783672,3.9582291686698783
主,36,80,3.572469458770135,3.349965423573798
北,36,80,3.3735572622751855,3.6978458230844122
悲,36,80,2.855279393101204,3.6732696895151085
高,35,80,4.209867121904035,4.0667842134731025
顺,35,80,4.107010619399147,3.8553885422075336
休,35,80,4.003856189774725,4.23275992404493
教,35,80,3.970175521464345,3.741962789037907
弗,35,80,3.9188679318992437,4.039211536948156
体,35,80,3.8868421881310113,4.101409765557392
爱,35,80,3.8686645537932223,3.7080481500712312
害,35,80,3.690260390968384,4.016687195468966
渊,35,80,3.624680346973648,2.9939169809561954
哀,35,80,3.2518411137950776,3.6283511419515837
余,34,80,4.000645725252347,2.946436481492097
法,34,80,3.905924427043544,4.086790375244804
发,34,80,3.8798938235206655,4.151478922893308
解,34,80,3.704349428956051,4.180832987205441
金,34,80,3.486440501696144,3.377387064296613
舍,34,80,3.3685225277282065,3.573934896284056
理,34,80,2.353533948577482,3.502258412694598
白,33,80,4.310443057719024,4.110577243331642
鸟,33,80,4.017824858003424,3.580462199727102
少,33,80,3.896291529045928,4.021928094887363
车,33,80,3.893660689688186,4.3248487296021345
归,33,80,3.85216872360328,3.9171886421180044
东,33,80,3.8199621342988053,3.9321380397593746
进,33,80,3.708132064658601,3.6158175946759323
愿,33,80,3.533107671515576,3.4992275471326924
远,33,80,2.921332232515685,3.7178504651264315
弃,32,80,4.220167681284828,4.286790198827113
修,32,80,4.032303242743952,4.136842188131012
累,32,80,3.905764584655453,3.8693312611115185
徒,32,80,3.4464393446710155,2.336897470347699
富,32,80,3.3816201079487347,4.163856189774725
七,32,80,3.3689250793612646,3.403989446485262
衣,31,80,4.011365041826379,3.7919245392005054
机,31,80,3.740953260404839,3.6980685120588386
久,31,80,2.0838561897747248,4.392747410448784
丧,30,80,4.066108939837481,4.487122805397797
流,30,80,4.053508854797678,3.762267390651494
谋,30,80,3.6835423624332306,3.665420334520565
志,30,80,3.29277019393699,4.132944044980959
梦,30,80,3.2430741894285697,3.4406363526732666
河,30,80,2.848373912014369,3.880179922675738
笑,30,80,2.765957320949175,3.1033667177473787
云,30,80,2.2773276830375746,3.6901165175936645
口,29,80,4.070656113151928,3.916126946588284
既,29,80,4.0424125656653915,3.7004397181410926
尊,29,80,3.8208888513501886,4.209867121904035
贱,29,80,3.6537567082870015,3.0641893753728278
听,29,80,3.3500510751569927,3.168232893338811
定,29,80,3.284183719779189,4.0043444463675275
起,29,80,2.9219280948873623,3.7671834678914613
巧,28,80,4.142664355548848,3.779470570797252
益,28,80,3.970573095811685,4.023465189601647
直,27,80,4.161978179679553,3.4548223999466057
卒,27,80,4.133660689688186,3.1961547809328676
任,27,80,4.106603137064474,3.535174565635903
深,27,80,4.070656113151928,4.163856189774725
随,27,80,3.8796640049025943,3.834962500721156
施,27,80,3.7256507561120937,3.334962500721156
夜,27,80,3.2913928761709625,3.168232893338811
楚,27,80,3.260784558297852,3.391892644680932
太,27,80,3.006064802563774,3.6163485660751644
再,27,80,2.7171263907318433,3.149397470347699
举,26,80,3.938721875540867,3.94770277922009
八,26,80,3.902174814211728,3.7489948035250964
或,26,80,3.825251737288651,2.521640636343318
争,26,80,3.521640636343318,3.4399364703978077
并,26,80,3.507601311512057,4.088779347361361
论,26,80,3.463280517810811,3.9754180179138334
冥,26,80,3.327819531114783,3.5932696895151084
作,26,80,3.32110433057849,3.931838457168456
罪,26,80,3.2158411726837532,3.4906015629507223
遇,25,80,4.436605434317883,3.879664004902594
执,25,80,4.053508854797678,4.142664355548848
强,25,80,3.8820451081368623,2.9056390622295662
殆,25,80,3.8442328987631917,3.086048612313038
平,25,80,3.6421498816369042,3.4058222502856905
田,25,80,3.5227119556807573,2.8150724101159437
秋,25,80,3.471354487013929,2.496126854751781
首,25,80,3.180832987205441,3.55508495181978
规,25,80,3.165957320949175,3.5511911744656963
家,25,80,3.080500530640267,3.0535088547976783
宋,25,80,3.016875695766564,2.739572261986723
造,25,80,3.0009619827626763,3.290321609248305
走,25,80,2.725480556997868,2.7008257945180882
遗,24,80,3.9754180179138334,3.4104172527605194
石,24,80,3.8924071185928764,3.410099326733673
散,24,80,3.6897037321995474,3.625
指,24,80,3.6464393446710157,3.880179922675738
枝,24,80,3.528064311584049,3.8219280948873626
愚,24,80,3.3263604079526936,3.6835423624332306
末,24,80,3.260784558297852,2.384183719779189
泽,24,80,3.197159723424149,2.7068905956085185
火,24,80,3.169925001442312,3.826874881864638
羊,24,80,2.7603136973125113,2.319240704636849
狂,24,80,2.6873230684749942,3.6168746059562213
凡,23,80,3.9690016298759927,2.321928094887362
岂,23,80,3.9148663038831,3.169925001442312
经,23,80,3.6644977792004614,3.931838457168456
光,23,80,3.180832987205441,3.471354487013929
鼓,23,80,3.099436412484688,3.25
忠,23,80,2.9219280948873623,3.640223928941852
武,23,80,2.8084543309292345,2.94770277922009
誉,23,80,2.7489400470054295,3.6537567082870015
儒,23,80,2.1577174691301484,3.375
绝,22,80,4.058813890331201,4.087462841250339
就,22,80,3.8924071185928764,3.577819531114783
寿,22,80,3.75,4.058813890331201
母,22,80,3.521640636343318,2.257606878811597
逆,22,80,3.5110854081804272,3.521640636343318
息,22,80,3.3248629576173565,3.5766176449086657
歌,22,80,3.323231428797621,2.713216235691139
隐,22,80,3.221097250057957,3.8219280948873626
窃,22,80,3.208694969562842,3.2390979179887864
兵,22,80,3.188721875540867,3.747413039531641
备,22,80,3.084962500721156,3.594465636961452
广,22,80,3.057476076289931,3.0062389286533895
饮,22,80,2.8581184630979695,3.7345216647797512
林,22,80,2.8352377453121176,2.245869617795809
胡,22,80,2.406647097785926,2.827819531114783
江,22,80,2.3695710038552735,3.2660562582833683
卫,22,80,2.3158243335257076,3.1083757000539416
龙,21,80,3.85216872360328,3.6818808028034025
避,21,80,3.85216872360328,3.2810361125534233
疾,21,80,3.7345216647797512,3.577819531114783
清,21,80,3.6644977792004614,4.0841837197791895
曲,21,80,3.614369445886757,3.546593564294939
官,21,80,3.375,3.7345216647797512
舟,21,80,3.29277019393699,3.9219280948873627
伐,21,80,3.2390979179887864,3.875
积,21,80,3.219528282299547,3.326360407952694
运,21,80,3.1916116417513782,3.219528282299547
坐,21,80,3.1820058147602133,3.6416041678685933
迹,21,80,3.149397470347699,3.463280517810811
牛,21,80,3.077819531114783,4.021928094887363
遂,20,80,4.021928094887363,3.1219280948873624
交,20,80,3.875,4.1219280948873624
苦,20,80,3.784183719779189,3.506890595608519
让,20,80,3.625,3.521928094887363
虑,20,80,3.521640636343318,2.9056390622295662
趋,20,80,3.2776134368191157,2.9016094970590274
梁,20,80,3.2516291673878226,3.6818808028034025
满,20,80,3.2483650467509033,3.572469458770135
假,20,80,3.197159723424149,3.327819531114783
恐,20,80,3.110578014789016,2.7192945256669794
孙,20,80,3.101881223476018,2.389898095464287
书,20,80,3.095795255000934,2.6235166412180155
力,20,80,3.077819531114783,3.7216117239699007
称,20,80,3.057476076289931,3.589898095464288
乡,20,80,3.0220552088742005,3.5
御,20,80,2.7806390622295662,3.614369445886757
顾,20,80,2.6464393446710157,2.320802083934297
越,20,80,2.6416041678685938,3.3248629576173565
叔,20,80,2.636056086195823,2.7898980954642876
哭,20,80,2.5136459293583706,3.2639334294856335
宜,20,80,2.321928094887362,2.9842341646524884
两,19,80,3.7254805569978675,3.521640636343318
毁,19,80,3.589898095464288,3.521640636343318
察,19,80,3.456564762130954,3.4182958340544896
孝,19,80,3.3787834934861753,3.456564762130954
节,19,80,3.3219280948873626,3.1692486956952326
昭,19,80,3.1813663288914587,3.0220552088742005
岁,19,80,3.056564762130954,3.080500530640267
土,19,80,2.9735572622751856,3.826874881864638
倪,19,80,2.94770277922009,2.510056460356539
才,19,80,2.8962915290459277,3.149673447186741
刑,19,80,2.7806390622295662,3.125
尚,18,80,3.905764584655453,4.087462841250339
惊,18,80,3.3927474104487847,3.530493056757482
财,18,80,3.323231428797621,2.8962915290459277
朝,18,80,3.1820058147602133,3.7004397181410926
商,18,80,3.1556390622295662,2.792481250360578
向,18,80,2.8218881955261788,2.8073549220576037
围,18,80,2.6635327548042547,3.180832987205441
干,18,80,2.6635327548042547,2.6756981353679863
面,18,80,2.396782221599798,2.339572261986723
季,18,80,2.349601752714581,2.063458298648303
术,18,80,2.2988252450030506,2.3082708345352603
俱,17,80,3.906890595608519,3.327819531114783
手,17,80,3.5,2.8423709931771084
盛,17,80,3.4992275471326924,3.0930692077718898
兽,17,80,3.4677201004744993,2.4956029237290127
殉,17,80,3.456564762130954,3.6901165175936645
推,17,80,3.456564762130954,3.240223928941852
勿,17,80,3.4104172527605194,2.873140679513133
钩,17,80,3.3927474104487847,3.625
伪,17,80,3.3219280948873626,3.807763576417194
闲,17,80,3.3219280948873626,3.589898095464288
胥,17,80,3.1898980954642875,2.1258145836939115
传,17,80,3.180832987205441,3.5
接,17,80,3.149397470347699,2.9182958340544896
苟,17,80,3.0516016368717036,2.6416041678685938
轻,17,80,3.0269868333592873,3.521640636343318
室,17,80,3.0,3.577819531114783
伦,17,80,3.0,2.682588730501833
禹,17,80,2.931208948910323,2.2516291673878226
宁,17,80,2.9219280948873623,3.095795255000934
私,17,80,2.9182958340544896,2.8138461086383844
役,17,80,2.8553885422075336,3.572469458770135
稽,17,80,2.8352377453121176,2.8522170014624826
祸,17,80,2.7806390622295662,2.5
友,17,80,2.584962500721156,3.146286370662104
芒,17,80,2.339572261986723,3.2516291673878226
县,16,80,3.640223928941852,3.0391486719030705
福,16,80,3.4594316186372973,2.556656707462823
魏,16,80,3.456564762130954,2.6416041678685938
加,16,80,3.452819531114783,2.521640636343318
鸡,16,80,3.4182958340544896,2.75
虎,16,80,3.2516291673878226,3.521640636343318
登,16,80,3.25,2.9219280948873623
畏,16,80,3.132914563979398,3.807354922057604
陵,16,80,3.084962500721156,3.106890595608519
类,16,80,3.0269868333592873,3.521640636343318
音,16,80,2.9219280948873623,3.4677201004744993
兼,16,80,2.9056390622295662,3.4594316186372973
陈,16,80,2.9056390622295662,2.8352377453121176
崖,16,80,2.75,3.149397470347699
斗,16,80,2.6635327548042547,3.875
期,16,80,2.610577243331642,2.8553885422075336
委,16,80,2.091917186688699,2.9182958340544896
赏,16,80,2.0049355947431313,3.3248629576173565
西,15,80,3.521640636343318,3.2516291673878226
决,15,80,3.4182958340544896,3.1219280948873624
聚,15,80,3.3927474104487847,3.0
致,15,80,3.3787834934861753,3.1219280948873624
约,15,80,3.2776134368191157,2.8453509366224368
负,15,80,3.240223928941852,2.913977073182752
纯,15,80,3.238901256602631,3.3219280948873626
睹,15,80,3.238901256602631,2.9219280948873623
灭,15,80,3.188721875540867,3.546593564294939
户,15,80,3.0269868333592873,3.240223928941852
蓬,15,80,3.0062389286533895,3.0271691184406184
兄,15,80,2.950212064914747,3.238901256602631
翼,15,80,2.9219280948873623,3.2516291673878226
损,15,80,2.8453509366224368,3.238901256602631
载,15,80,2.8453509366224368,3.1898980954642875
驰,15,80,2.75,3.084962500721156
涂,15,80,2.725480556997868,3.1820058147602133
位,15,80,2.725480556997868,2.8352377453121176
右,15,80,2.7192945256669794,2.4508257945180882
开,15,80,2.692380602454975,2.6416041678685938
皇,15,80,2.6535442970305683,2.5073801024236357
华,15,80,2.617492461184755,2.931208948910323
群,15,80,2.5219280948873624,3.546593564294939
持,15,80,2.521640636343318,3.6644977792004614
思,15,80,2.5073801024236357,2.6464393446710157
政,15,80,2.5,2.0670314951575843
材,15,80,2.4996981431844145,2.0930692077718898
觉,15,80,2.4464393446710155,2.8352377453121176
戒,15,80,2.3685225277282065,3.1219280948873624
衰,15,80,2.2359263506290326,3.589898095464288
封,15,80,2.199687794731328,3.180832987205441
器,15,80,2.049452072789394,3.3787834934861753
滑,14,80,3.3927474104487847,3.084962500721156
妻,14,80,3.334679141051595,3.0271691184406184
操,14,80,3.334679141051595,2.9219280948873623
连,14,80,3.334679141051595,2.8073549220576037
端,14,80,3.3219280948873626,2.7192945256669794
征,14,80,3.2776134368191157,3.2516291673878226
荡,14,80,3.2516291673878226,3.095795255000934
谁,14,80,3.1820058147602133,2.5220552088742005
技,14,80,3.180832987205441,2.94770277922009
伏,14,80,3.180832987205441,2.8073549220576037
诚,14,80,3.1219280948873624,3.334679141051595
危,14,80,3.095795255000934,2.688721875540867
敖,14,80,3.084962500721156,2.8073549220576037
要,14,80,3.0220552088742005,2.9182958340544896
厚,14,80,2.94770277922009,3.3248629576173565
卑,14,80,2.9219280948873623,3.084962500721156
保,14,80,2.8073904508767225,3.3787834934861753
冠,14,80,2.8073549220576037,3.2516291673878226
槁,14,80,2.8073549220576037,2.287783719941071
代,14,80,2.7773627950641693,2.6384600665861555
夭,14,80,2.75,2.950212064914747
逃,14,80,2.7321588913645702,2.40400975732486
贫,14,80,2.6464393446710157,2.2810361125534233
绳,14,80,2.6416041678685938,2.688721875540867
调,14,80,2.617492461184755,2.4508257945180882
酒,14,80,2.610577243331642,2.260820318171659
惧,14,80,2.521640636343318,3.085055102756477
授,14,80,2.4996981431844145,2.7884504573082896
朴,14,80,2.2516291673878226,3.238901256602631
鸣,14,80,2.2516291673878226,3.180832987205441
栗,14,80,2.128085278891394,3.2516291673878226
特,13,80,3.3927474104487847,3.2776134368191157
甘,13,80,3.3219280948873626,3.2776134368191157
近,13,80,3.2776134368191157,2.222191575506678
饰,13,80,3.188721875540867,3.4594316186372973
张,13,80,3.188721875540867,2.6464393446710157
幸,13,80,3.180832987205441,2.725480556997868
循,13,80,3.169925001442312,3.1219280948873624
履,13,80,3.1219280948873624,3.169925001442312
敬,13,80,3.095795255000934,2.94770277922009
象,13,80,3.0271691184406184,3.3219280948873626
淫,13,80,3.0269868333592873,2.721928094887362
尔,13,80,3.0,2.6416041678685938
狙,13,80,2.931208948910323,2.2998963911678914
愈,13,80,2.913977073182752,3.4182958340544896
史,13,80,2.8464393446710154,2.321928094887362
务,13,80,2.8453509366224368,3.2776134368191157
刀,13,80,2.8453509366224368,3.0269868333592873
退,13,80,2.8073549220576037,2.0588138903312014
计,13,80,2.7321588913645702,2.584962500721156
旦,13,80,2.7192945256669794,2.725480556997868
遭,13,80,2.688721875540867,2.3685225277282065
疑,13,80,2.6416041678685938,3.4182958340544896
臂,13,80,2.584962500721156,3.3927474104487847
恬,13,80,2.5220552088742005,3.084962500721156
怪,13,80,2.521640636343318,3.180832987205441
虫,13,80,2.521640636343318,2.918295834054489
陆,13,80,2.5,2.7516291673878226
匠,13,80,2.4508257945180882,2.321928094887362
贼,13,80,2.4193819456463714,2.6258145836939115
珠,13,80,2.321928094887362,3.188721875540867
识,13,80,2.321928094887362,2.6258145836939115
辱,13,80,2.2516291673878226,3.238901256602631
左,13,80,2.221251836004466,2.521640636343318
覆,13,80,2.197159723424149,2.521640636343318
审,13,80,2.1709505944546685,2.6464393446710157
属,13,80,2.1609640474436813,2.6464393446710157
望,13,80,2.1609640474436813,2.128085278891394
草,13,80,2.1258145836939115,3.0
均,13,80,2.0588138903312014,3.0850551027564768
树,13,80,2.0588138903312014,2.550340709546388
凿,12,80,3.4182958340544896,2.75
缘,12,80,3.3219280948873626,3.0
玄,12,80,3.188721875540867,2.75
妄,12,80,3.169925001442312,3.169925001442312
还,12,80,3.169925001442312,2.75
放,12,80,3.1219280948873624,3.188721875540867
贪,12,80,3.1219280948873624,2.94770277922009
系,12,80,3.1219280948873624,2.913977073182752
召,12,80,3.0220552088742005,2.8073549220576037
释,12,80,3.0220552088742005,2.5219280948873624
辟,12,80,3.0,3.2516291673878226
短,12,80,2.94770277922009,2.94770277922009
龟,12,80,2.94770277922009,2.6464393446710157
狗,12,80,2.6464393446710157,2.6635327548042547
原,12,80,2.584962500721156,2.75
飞,12,80,2.521640636343318,2.0403733936884962
窍,12,80,2.4056390622295662,2.8553885422075336
工,12,80,2.3709505944546687,2.75
根,12,80,2.321928094887362,2.9182958340544896
热,12,80,2.321928094887362,2.3553885422075336
寓,12,80,2.2998963911678914,2.6416041678685938
削,12,80,2.292481250360578,2.0
议,12,80,2.2516291673878226,2.8453509366224368
青,12,80,2.2312702546075758,2.5
遁,12,80,2.1556390622295662,2.9219280948873623
战,12,80,2.128085278891394,3.2776134368191157
骈,12,80,2.0588138903312014,2.6464393446710157
殊,11,80,3.4594316186372973,2.8464393446710154
共,11,80,3.2776134368191157,2.8073549220576037
廉,11,80,3.169925001442312,2.321928094887362
畜,11,80,2.9219280948873623,3.1219280948873624
临,11,80,2.913977073182752,2.321928094887362
蕲,11,80,2.8453509366224368,2.94770277922009
波,11,80,2.8073549220576037,2.8453509366224368
泣,11,80,2.75,2.321928094887362
谷,11,80,2.584962500721156,2.94770277922009
活,11,80,2.5219280948873624,2.7321588913645702
背,11,80,2.521640636343318,3.0
序,11,80,2.521640636343318,2.0403733936884962
权,11,80,2.4464393446710155,3.1219280948873624
味,11,80,2.321928094887362,2.913977073182752
罔,11,80,2.321928094887362,2.113283334294875
族,11,80,2.2516291673878226,2.75
废,11,80,2.2516291673878226,2.25
半,11,80,2.2516291673878226,2.222191575506678
势,11,80,2.25,2.94770277922009
祥,11,80,2.2359263506290326,2.7321588913645702
尾,11,80,2.2359263506290326,2.4056390622295662
具,11,80,2.197159723424149,2.5032583347756456
浮,11,80,2.197159723424149,2.128085278891394
兴,11,80,2.0588138903312014,2.6464393446710157
坚,11,80,2.049452072789394,2.6416041678685938
齿,11,80,2.0,3.1219280948873624
令,10,80,3.0,2.521640636343318
雨,10,80,3.0,2.5
毕,10,80,2.94770277922009,2.75
趣,10,80,2.8464393446710154,2.584962500721156
巨,10,80,2.8073549220576037,3.0
报,10,80,2.75,2.6416041678685938
更,10,80,2.725480556997868,3.169925001442312
号,10,80,2.6416041678685938,2.584962500721156
引,10,80,2.6416041678685938,2.521640636343318
败,10,80,2.584962500721156,3.3219280948873626
鼻,10,80,2.521640636343318,3.169925001442312
疏,10,80,2.521640636343318,2.8073549220576037
素,10,80,2.521640636343318,2.75
肉,10,80,2.521640636343318,2.1709505944546685
拘,10,80,2.5,2.725480556997868
耻,10,80,2.4464393446710155,2.6464393446710157
寝,10,80,2.4193819456463714,2.9219280948873623
泰,10,80,2.4193819456463714,2.521640636343318
穴,10,80,2.321928094887362,2.725480556997868
宫,10,80,2.321928094887362,2.6416041678685938
戮,10,80,2.2516291673878226,2.94770277922009
川,10,80,2.2359263506290326,3.1219280948873624
状,10,80,2.2359263506290326,2.8464393446710154
城,10,80,2.128085278891394,2.5
天下,280,196.00847201210289,5.158574399464854,5.247319905929013
圣人,111,150.65577119509703,4.622606551534006,4.685347441933861
万物,94,379.09201648791094,4.595910783531987,4.587021057278365
天地,92,187.4738565477794,3.1492586603863617,4.894533538722484
孔子,80,176.95235524362263,4.284638190120879,2.6416041678685938
庄子,76,169.93196288884846,2.3282528990856175,2.5995812306460646
仁义,58,885.8378378378378,3.5016094970590275,4.969001629875993
老聃,45,2290.248447204969,2.384853500510039,2.4331958387289765
先生,39,268.9383547233326,4.279551420856878,3.720128777433188
未尝,37,545.5294646873595,3.8297417753631366,3.7544418457133455
黄帝,34,2006.6938775510205,3.3185077804617444,2.9219280948873623
未始,33,269.157148189623,2.2362949406953985,3.199331946607913
弟子,28,117.54692169754931,3.4577968115985955,2.6464393446710157
诸侯,26,1768.6115530958145,2.725480556997868,2.931493167461914
阴阳,22,1848.9025641025642,3.5,2.721928094887362
死生,22,84.57330518414263,3.6901165175936645,3.4594316186372973
寡人,20,111.59686755192374,4.0,3.3927474104487847
盗跖,19,2395.1692307692306,3.2776134368191157,3.084962500721156
许由,18,3274.567992599445,2.0930692077718898,2.75
日月,17,703.5252525252525,3.106890595608519,2.5032583347756456
上第,15,643.0869849574885,2.3068905956085186,3.1898980954642875
四时,14,352.0695652173913,2.931208948910323,2.2516291673878226
三年,13,306.2076895436579,2.128085278891394,2.584962500721156
十九,12,512.3473729917499,2.0588138903312014,3.2516291673878226
贵贱,11,1184.0262725779967,2.4193819456463714,2.0
礼乐,11,375.55833333333334,2.321928094887362,2.521640636343318
后世,11,161.73577570093457,2.4056390622295662,2.2359263506290326
往见,11,132.46883037354561,2.40400975732486,2.2516291673878226
颜阖,10,3072.75,3.1219280948873624,2.0
父母,10,1625.2561983471073,2.8073549220576037,2.75
耳目,10,771.2,2.584962500721156,2.94770277922009
方将,10,109.18054630246502,3.3219280948873626,2.584962500721156
治天下,28,177.16756756756757,2.556656707462823,3.0225631916634224
